"","A","F_risk","O_factor"
"A",3.31214881115679e-08,-3.42999711566265e-06,1.61727217854509e-06
"F_risk",-3.42999711566265e-06,0.0640139365521038,-0.0392541842370986
"O_factor",1.61727217854509e-06,-0.0392541842370986,0.0514691486665213
