"","A","F_risk","O_factor","imm_p","knot1","knot2","beta1"
"A",0.000206366704818468,0.000188098018089018,0.0012004583759324,0.0010856510277432,-0.137964107786859,0.0773931333751109,-0.000962451602075242
"F_risk",0.000188098018089018,0.0101353351957705,-0.010902174942451,0.00397289759638655,0.0373703091166764,0.532605801154289,-0.000245597710946308
"O_factor",0.0012004583759324,-0.010902174942451,0.0475013913496254,0.00746565483613587,-2.20741340902623,-1.13446850106089,-0.00713618567664766
"imm_p",0.0010856510277432,0.00397289759638655,0.00746565483613587,0.0363466290291608,-2.37124960139776,1.60316777323673,-0.00102745358192626
"knot1",-0.137964107786859,0.0373703091166764,-2.20741340902623,-2.37124960139776,639.214864658399,-69.3546398993675,0.80722074618501
"knot2",0.0773931333751109,0.532605801154289,-1.13446850106089,1.60316777323673,-69.3546398993675,1324.95933658282,-0.342549044155723
"beta1",-0.000962451602075242,-0.000245597710946308,-0.00713618567664766,-0.00102745358192626,0.80722074618501,-0.342549044155723,0.00559308571174455
