"","A","F_risk","O_factor"
"A",2.44116877638651e-06,7.04880271230765e-07,2.87022899353826e-05
"F_risk",7.04880271230765e-07,0.0445300197347512,-0.0469845037688507
"O_factor",2.87022899353826e-05,-0.0469845037688507,0.0755022769479252
