"","A","F_risk","O_factor","imm_p","RRreport","knot1","knot2","beta1"
"A",5.63329061256697e-05,1.81179485630244e-05,-5.86952393007071e-05,-2.19218578454024e-06,-7.11229087315898e-05,0.000257643211204227,0.00135158717929656,9.43710309802925e-09
"F_risk",1.81179485630244e-05,0.000949877046672185,-0.00620508010084511,-0.000121044855215734,-0.00161851047152584,-0.00353977349029242,0.0157334897487765,-0.000972259910865604
"O_factor",-5.86952393007071e-05,-0.00620508010084511,0.0524226120115202,0.00055304184668871,0.0046721338802439,0.0201253038539073,-0.086309374601895,0.00226265505747006
"imm_p",-2.19218578454024e-06,-0.000121044855215734,0.00055304184668871,0.000245374250911929,0.000298171497967885,0.0020201458085421,-0.00414828827462621,0.000242104573442151
"RRreport",-7.11229087315898e-05,-0.00161851047152584,0.0046721338802439,0.000298171497967885,0.0115570825307174,0.0177978064512891,-0.0503095276764265,0.0069544380026207
"knot1",0.000257643211204227,-0.00353977349029242,0.0201253038539073,0.0020201458085421,0.0177978064512891,3.04686537198412,-0.388933070918823,0.039548189097795
"knot2",0.00135158717929656,0.0157334897487765,-0.086309374601895,-0.00414828827462621,-0.0503095276764265,-0.388933070918823,2.01371641543297,-0.0535535939584933
"beta1",9.43710309802925e-09,-0.000972259910865604,0.00226265505747006,0.000242104573442151,0.0069544380026207,0.039548189097795,-0.0535535939584933,0.0183495069194418
