"","A","F_risk","O_factor"
"A",1.07795130828397e-06,-2.02430495318306e-05,4.7291924555434e-06
"F_risk",-2.02430495318306e-05,0.0413034661932254,-0.0430040669786532
"O_factor",4.7291924555434e-06,-0.0430040669786532,0.069502782528218
