"","A","F_risk","O_factor","imm_p","RRreport"
"A",1.45728116769689e-06,-7.62780067663057e-05,3.37112376402172e-06,2.53413329790188e-05,1.4241747457174e-05
"F_risk",-7.62780067663057e-05,0.280137048346536,-0.0333770866100474,-0.000592864453449203,-0.014949022719911
"O_factor",3.37112376402172e-06,-0.0333770866100474,0.00644071520847765,-0.000104542099096702,-0.00077213131768125
"imm_p",2.53413329790188e-05,-0.000592864453449203,-0.000104542099096702,0.000917597674311314,0.000252166528834149
"RRreport",1.4241747457174e-05,-0.014949022719911,-0.00077213131768125,0.000252166528834149,0.00516674932946489
