"","A","F_risk","O_factor","imm_p","RRreport","knot1","knot2","beta1"
"A",5.7087259319852e-05,1.11131791640084e-05,-2.27087510345719e-05,0.000121764399173431,2.98379843349016e-05,-0.0022391970525601,0.00193359865402287,-0.000256500087076231
"F_risk",1.11131791640084e-05,0.000127646433966146,-0.00112238489695966,4.74098836274696e-05,-8.05437198184516e-05,-0.0109683780073104,0.00269956262041183,0.000372493817812755
"O_factor",-2.27087510345719e-05,-0.00112238489695966,0.014531934373524,-0.000748824494741144,-0.0034879750573105,0.110834481757081,-0.0114166666138695,-0.0102793075914576
"imm_p",0.000121764399173431,4.74098836274696e-05,-0.000748824494741144,0.00103950954611128,0.00027058053410069,-0.00935432398499697,-0.00577388181992077,0.000816811054325354
"RRreport",2.98379843349016e-05,-8.05437198184516e-05,-0.0034879750573105,0.00027058053410069,0.00694584301172207,-0.013611138460933,-0.0166784366800378,0.00726513937910627
"knot1",-0.0022391970525601,-0.0109683780073104,0.110834481757081,-0.00935432398499697,-0.013611138460933,3.25401303589117,-0.994942421481322,-0.0410699237102865
"knot2",0.00193359865402287,0.00269956262041183,-0.0114166666138695,-0.00577388181992077,-0.0166784366800378,-0.994942421481322,2.03810040267396,-0.104674684799214
"beta1",-0.000256500087076231,0.000372493817812755,-0.0102793075914576,0.000816811054325354,0.00726513937910627,-0.0410699237102865,-0.104674684799214,0.0236538011982523
