"","A","F_risk","O_factor"
"A",0.000394054081192841,-0.00104654813616201,0.00089140889259674
"F_risk",-0.00104654813616201,0.0591146192095427,-0.0411969741932643
"O_factor",0.00089140889259674,-0.0411969741932643,0.0428694429159401
